level,arm,files,bytes,est_source_tokens,repetitions,successes,success_rate,score_mean,input_billed,output_tokens,total_tokens,cost_usd_est,wall_s_median,chi_index_build_s,chi_tokens_exposed
1,chi_additive,2,30561,7810,3,0,0.0,0.09,838196,14419,852615,0.731904,39.69,3.165667,2847
1,control,2,30561,7810,4,0,0.0,0.0225,501521,8120,509641,0.433878,119.93,,0
2,chi_additive,3,32251,8204,3,0,0.0,0.729,245355,15758,261113,0.501808,35.4,2.687667,0
2,control,3,32251,8204,3,0,0.0,0.243,80236,5309,85545,0.169098,184.24,,0
3,chi_additive,4,44572,11397,3,0,0.0,0.196867,2773450,47229,2820679,1.979563,129.49,2.736667,5139
3,control,4,44572,11397,3,0,0.0,0.15,1989446,32335,2021781,1.541622,185.54,,0
4,chi_additive,5,75818,19971,3,1,0.3333,0.8132,696115,28107,724222,1.123977,68.58,2.715667,0
4,control,5,75818,19971,3,1,0.3333,0.569467,617052,21518,638570,0.807227,90.69,,0
5,chi_additive,6,77340,20315,3,1,0.3333,0.8163,556135,30062,586197,1.089579,83.73,3.114,0
5,control,6,77340,20315,3,0,0.0,0.488867,208856,17710,226566,0.621937,73.01,,0
6,chi_additive,8,88192,22981,3,1,0.3333,0.811467,690614,38551,729165,1.304928,97.76,2.677667,0
6,control,8,88192,22981,3,0,0.0,0.499467,824923,25675,850598,1.005661,97.58,,0
8,chi_additive,12,114581,29699,3,2,0.6667,0.894967,971175,59312,1030487,1.740742,140.52,2.628667,4814
8,control,12,114581,29699,3,1,0.3333,0.566333,668442,35845,704287,1.257227,175.52,,0
10,chi_additive,20,203836,54694,3,1,0.3333,0.891867,1932084,58649,1990733,2.202646,146.24,2.726667,22426
10,control,20,203836,54694,3,2,0.6667,0.6532,2191540,44609,2236149,2.152416,182.1,,0
12,chi_additive,32,420930,111988,3,2,0.6667,0.969933,3546085,85721,3631806,3.027997,255.36,2.590667,35367
12,control,32,420930,111988,3,2,0.6667,0.6552,4074152,102527,4176679,3.587881,391.07,,0
16,chi_additive,80,1047393,279481,3,2,0.6667,0.655233,10064575,241639,10306214,8.372189,614.86,3.070333,102858
16,control,80,1047393,279481,3,0,0.0,0.0,2038169,91079,2129248,2.447135,623.01,,0
